FuncName,FcCreateVM,StdDev,NewContainer,StdDev,NewTask,StdDev,TaskStart,StdDev,TaskWait,StdDev,Total,StdDev
helloworld,929232,NaN,215359,NaN,171980,NaN,8186,NaN,118,NaN,1324875,NaN
helloworld,929232,NaN,215359,NaN,171980,NaN,8186,NaN,118,NaN,1324875,NaN
helloworld,928407,NaN,212451,NaN,176949,NaN,8300,NaN,123,NaN,1326230,NaN
helloworld,928407,NaN,212451,NaN,176949,NaN,8300,NaN,123,NaN,1326230,NaN
helloworld,940676,NaN,217104,NaN,185323,NaN,7930,NaN,122,NaN,1351155,NaN
helloworld,940676,NaN,217104,NaN,185323,NaN,7930,NaN,122,NaN,1351155,NaN
helloworld,924816,NaN,209766,NaN,169299,NaN,8653,NaN,113,NaN,1312647,NaN
helloworld,924816,NaN,209766,NaN,169299,NaN,8653,NaN,113,NaN,1312647,NaN
helloworld,933811,NaN,212387,NaN,184601,NaN,7796,NaN,113,NaN,1338708,NaN
helloworld,933811,NaN,212387,NaN,184601,NaN,7796,NaN,113,NaN,1338708,NaN
helloworld,969793,NaN,208910,NaN,183242,NaN,8322,NaN,120,NaN,1370387,NaN
helloworld,969793,NaN,208910,NaN,183242,NaN,8322,NaN,120,NaN,1370387,NaN
helloworld,952105,NaN,216053,NaN,180233,NaN,7628,NaN,106,NaN,1356125,NaN
helloworld,952105,NaN,216053,NaN,180233,NaN,7628,NaN,106,NaN,1356125,NaN
helloworld,967039,NaN,213398,NaN,182323,NaN,7515,NaN,139,NaN,1370414,NaN
helloworld,967039,NaN,213398,NaN,182323,NaN,7515,NaN,139,NaN,1370414,NaN
helloworld,954517,NaN,213924,NaN,172157,NaN,8812,NaN,118,NaN,1349528,NaN
helloworld,954517,NaN,213924,NaN,172157,NaN,8812,NaN,118,NaN,1349528,NaN
helloworld,931679,NaN,243795,NaN,178132,NaN,8230,NaN,118,NaN,1361954,NaN
helloworld,931679,NaN,243795,NaN,178132,NaN,8230,NaN,118,NaN,1361954,NaN
